intervention_priority,school_id,school_name,district_id,students,risk_band,risk_score,driver_order,driver_code,driver_label,observed_value,target_value,metric_unit,failure_operator,recommended_first_action,suggested_owner,suggested_review_cadence,training_rate,training_support_needed,stale_data_flag
1,S0064,Summit Plains School 4,D006,100,Critical,5,2,DOSAGE,Dosage target attainment,0.49666666666666665,0.6,proportion,<,Review usage schedules and barriers to sustained participation.,Implementation lead,Twice weekly,0.5,1,1
1,S0064,Summit Plains School 4,D006,100,Critical,5,3,FOLLOWUP,Follow-up completion,0.78,0.8,proportion,<,Reconcile missing assessments and plan follow-up collection.,Assessment lead,Twice weekly,0.5,1,1
1,S0064,Summit Plains School 4,D006,100,Critical,5,4,SUPPORT_SLA,Support response within 24 hours,0.39285714285714285,0.8,proportion,<,"Review the ticket backlog, staffing and escalation coverage.",Support operations,Twice weekly,0.5,1,1
1,S0064,Summit Plains School 4,D006,100,Critical,5,5,FIDELITY,Implementation fidelity,66.0,70.0,score,<,Observe delivery and agree a targeted coaching plan.,Implementation lead,Twice weekly,0.5,1,1
1,S0064,Summit Plains School 4,D006,100,Critical,5,6,DATA_FRESHNESS,Days since data refresh,16,14.0,days,>,Verify and restore the data feed before interpreting stale metrics.,Data operations,Twice weekly,0.5,1,1
2,S0042,Pine Ridge School 2,D004,100,Critical,4,2,DOSAGE,Dosage target attainment,0.5855555555555556,0.6,proportion,<,Review usage schedules and barriers to sustained participation.,Implementation lead,Twice weekly,0.6923076923076923,1,1
2,S0042,Pine Ridge School 2,D004,100,Critical,4,4,SUPPORT_SLA,Support response within 24 hours,0.631578947368421,0.8,proportion,<,"Review the ticket backlog, staffing and escalation coverage.",Support operations,Twice weekly,0.6923076923076923,1,1
2,S0042,Pine Ridge School 2,D004,100,Critical,4,5,FIDELITY,Implementation fidelity,67.9,70.0,score,<,Observe delivery and agree a targeted coaching plan.,Implementation lead,Twice weekly,0.6923076923076923,1,1
2,S0042,Pine Ridge School 2,D004,100,Critical,4,6,DATA_FRESHNESS,Days since data refresh,15,14.0,days,>,Verify and restore the data feed before interpreting stale metrics.,Data operations,Twice weekly,0.6923076923076923,1,1
3,S0063,Summit Plains School 3,D006,100,Critical,4,2,DOSAGE,Dosage target attainment,0.51,0.6,proportion,<,Review usage schedules and barriers to sustained participation.,Implementation lead,Twice weekly,0.52,1,1
3,S0063,Summit Plains School 3,D006,100,Critical,4,4,SUPPORT_SLA,Support response within 24 hours,0.42424242424242425,0.8,proportion,<,"Review the ticket backlog, staffing and escalation coverage.",Support operations,Twice weekly,0.52,1,1
3,S0063,Summit Plains School 3,D006,100,Critical,4,5,FIDELITY,Implementation fidelity,66.9,70.0,score,<,Observe delivery and agree a targeted coaching plan.,Implementation lead,Twice weekly,0.52,1,1
3,S0063,Summit Plains School 3,D006,100,Critical,4,6,DATA_FRESHNESS,Days since data refresh,15,14.0,days,>,Verify and restore the data feed before interpreting stale metrics.,Data operations,Twice weekly,0.52,1,1
4,S0062,Summit Plains School 2,D006,100,High,3,2,DOSAGE,Dosage target attainment,0.5777777777777778,0.6,proportion,<,Review usage schedules and barriers to sustained participation.,Implementation lead,Weekly,0.625,1,1
4,S0062,Summit Plains School 2,D006,100,High,3,4,SUPPORT_SLA,Support response within 24 hours,0.5517241379310345,0.8,proportion,<,"Review the ticket backlog, staffing and escalation coverage.",Support operations,Weekly,0.625,1,1
4,S0062,Summit Plains School 2,D006,100,High,3,6,DATA_FRESHNESS,Days since data refresh,15,14.0,days,>,Verify and restore the data feed before interpreting stale metrics.,Data operations,Weekly,0.625,1,1
5,S0044,Pine Ridge School 4,D004,100,High,3,2,DOSAGE,Dosage target attainment,0.5577777777777778,0.6,proportion,<,Review usage schedules and barriers to sustained participation.,Implementation lead,Weekly,0.7096774193548387,1,0
5,S0044,Pine Ridge School 4,D004,100,High,3,4,SUPPORT_SLA,Support response within 24 hours,0.5294117647058824,0.8,proportion,<,"Review the ticket backlog, staffing and escalation coverage.",Support operations,Weekly,0.7096774193548387,1,0
5,S0044,Pine Ridge School 4,D004,100,High,3,5,FIDELITY,Implementation fidelity,69.7,70.0,score,<,Observe delivery and agree a targeted coaching plan.,Implementation lead,Weekly,0.7096774193548387,1,0
6,S0061,Summit Plains School 1,D006,100,Watch,2,2,DOSAGE,Dosage target attainment,0.5588888888888889,0.6,proportion,<,Review usage schedules and barriers to sustained participation.,Implementation lead,Every two weeks,0.5909090909090909,1,0
6,S0061,Summit Plains School 1,D006,100,Watch,2,4,SUPPORT_SLA,Support response within 24 hours,0.3333333333333333,0.8,proportion,<,"Review the ticket backlog, staffing and escalation coverage.",Support operations,Every two weeks,0.5909090909090909,1,0
7,S0083,Willow Creek School 3,D008,100,Watch,2,4,SUPPORT_SLA,Support response within 24 hours,0.631578947368421,0.8,proportion,<,"Review the ticket backlog, staffing and escalation coverage.",Support operations,Every two weeks,0.8,0,1
7,S0083,Willow Creek School 3,D008,100,Watch,2,6,DATA_FRESHNESS,Days since data refresh,17,14.0,days,>,Verify and restore the data feed before interpreting stale metrics.,Data operations,Every two weeks,0.8,0,1
8,S0043,Pine Ridge School 3,D004,100,Watch,2,2,DOSAGE,Dosage target attainment,0.5866666666666667,0.6,proportion,<,Review usage schedules and barriers to sustained participation.,Implementation lead,Every two weeks,0.7241379310344828,1,0
8,S0043,Pine Ridge School 3,D004,100,Watch,2,4,SUPPORT_SLA,Support response within 24 hours,0.5909090909090909,0.8,proportion,<,"Review the ticket backlog, staffing and escalation coverage.",Support operations,Every two weeks,0.7241379310344828,1,0
9,S0034,Northstar School 4,D003,100,Watch,2,4,SUPPORT_SLA,Support response within 24 hours,0.4375,0.8,proportion,<,"Review the ticket backlog, staffing and escalation coverage.",Support operations,Every two weeks,0.6,1,0
9,S0034,Northstar School 4,D003,100,Watch,2,5,FIDELITY,Implementation fidelity,68.3,70.0,score,<,Observe delivery and agree a targeted coaching plan.,Implementation lead,Every two weeks,0.6,1,0
10,S0082,Willow Creek School 2,D008,100,Watch,2,4,SUPPORT_SLA,Support response within 24 hours,0.6666666666666666,0.8,proportion,<,"Review the ticket backlog, staffing and escalation coverage.",Support operations,Every two weeks,0.7222222222222222,1,1
10,S0082,Willow Creek School 2,D008,100,Watch,2,6,DATA_FRESHNESS,Days since data refresh,15,14.0,days,>,Verify and restore the data feed before interpreting stale metrics.,Data operations,Every two weeks,0.7222222222222222,1,1
11,S0041,Pine Ridge School 1,D004,100,Stable,1,4,SUPPORT_SLA,Support response within 24 hours,0.7142857142857143,0.8,proportion,<,"Review the ticket backlog, staffing and escalation coverage.",Support operations,Monthly,0.75,1,0
12,S0084,Willow Creek School 4,D008,100,Stable,1,4,SUPPORT_SLA,Support response within 24 hours,0.631578947368421,0.8,proportion,<,"Review the ticket backlog, staffing and escalation coverage.",Support operations,Monthly,0.84,0,0
13,S0072,Vista Grove School 2,D007,100,Stable,1,4,SUPPORT_SLA,Support response within 24 hours,0.7222222222222222,0.8,proportion,<,"Review the ticket backlog, staffing and escalation coverage.",Support operations,Monthly,0.75,1,0
14,S0081,Willow Creek School 1,D008,100,Stable,1,4,SUPPORT_SLA,Support response within 24 hours,0.5238095238095238,0.8,proportion,<,"Review the ticket backlog, staffing and escalation coverage.",Support operations,Monthly,0.7666666666666667,1,0
15,S0033,Northstar School 3,D003,100,Stable,1,4,SUPPORT_SLA,Support response within 24 hours,0.6666666666666666,0.8,proportion,<,"Review the ticket backlog, staffing and escalation coverage.",Support operations,Monthly,0.7142857142857143,1,0
16,S0031,Northstar School 1,D003,100,Stable,1,4,SUPPORT_SLA,Support response within 24 hours,0.782608695652174,0.8,proportion,<,"Review the ticket backlog, staffing and escalation coverage.",Support operations,Monthly,0.7142857142857143,1,0
17,S0054,Riverbend School 4,D005,100,Stable,1,4,SUPPORT_SLA,Support response within 24 hours,0.6666666666666666,0.8,proportion,<,"Review the ticket backlog, staffing and escalation coverage.",Support operations,Monthly,0.875,0,0
18,S0074,Vista Grove School 4,D007,100,Stable,1,4,SUPPORT_SLA,Support response within 24 hours,0.6,0.8,proportion,<,"Review the ticket backlog, staffing and escalation coverage.",Support operations,Monthly,0.7586206896551724,1,0
19,S0021,Harbor Point School 1,D002,100,Stable,1,4,SUPPORT_SLA,Support response within 24 hours,0.7619047619047619,0.8,proportion,<,"Review the ticket backlog, staffing and escalation coverage.",Support operations,Monthly,0.8709677419354839,0,0
20,S0032,Northstar School 2,D003,100,Stable,1,4,SUPPORT_SLA,Support response within 24 hours,0.6666666666666666,0.8,proportion,<,"Review the ticket backlog, staffing and escalation coverage.",Support operations,Monthly,0.6451612903225806,1,0
21,S0073,Vista Grove School 3,D007,100,Stable,1,4,SUPPORT_SLA,Support response within 24 hours,0.7777777777777778,0.8,proportion,<,"Review the ticket backlog, staffing and escalation coverage.",Support operations,Monthly,0.8125,0,0
